feature,group
m0_arrearsamount,static
m0_total_due_with_arrears,static
due_count,static
arrears_share_of_due,static
"method_Credit push, client pays via EFT",static
method_Debit Order,static
"method_Early Debit Order, linked to clients paydate",static
bal_at_m0,snapshot
no_history,snapshot
n_txn_90d,flat
inflow_90d,flat
outflow_90d,flat
bal_mean_90d,flat
bal_min_90d,flat
pct_neg_90d,flat
net_90d,flat
n_inflow_90d,flat
n_outflow_90d,flat
max_inflow_90d,flat
max_outflow_90d,flat
bal_std_90d,flat
outflow_to_inflow_90d,flat
avg_outflow_size_90d,flat
avg_inflow_size_90d,flat
inflow_cv_90d,flat
share_digital_payments_90d,flat
share_cash_withdrawal_90d,flat
share_groceries_90d,flat
share_uncategorised_90d,flat
share_other_loans_and_accounts_90d,flat
share_betting_lottery_90d,flat
share_clothing_and_shoes_90d,flat
share_fuel_90d,flat
share_loan_payments_90d,flat
share_children_and_dependants_90d,flat
share_cellphone_90d,flat
share_alcohol_90d,flat
n_txn_14d,recent
inflow_14d,recent
outflow_14d,recent
bal_mean_14d,recent
bal_min_14d,recent
pct_neg_14d,recent
net_14d,recent
n_txn_30d,recent
inflow_30d,recent
outflow_30d,recent
bal_mean_30d,recent
bal_min_30d,recent
pct_neg_30d,recent
net_30d,recent
inflow_trend14,trend
outflow_trend14,trend
n_txn_trend14,trend
bal_mean_delta14,trend
pct_neg_delta14,trend
inflow_trend30,trend
outflow_trend30,trend
n_txn_trend30,trend
bal_mean_delta30,trend
pct_neg_delta30,trend
inflow_trend45,trend
outflow_trend45,trend
n_txn_trend45,trend
bal_mean_delta45,trend
pct_neg_delta45,trend
bal_slope,weekly
inflow_slope,weekly
outflow_slope,weekly
net_slope,weekly
net_std,weekly
bal_wk_std,weekly
weeks_net_neg,weekly
weeks_bal_neg,weekly
bal_drawdown,weekly
weeks_active,weekly
days_since_last_txn,recency
days_since_last_inflow,recency
longest_inflow_gap,recency
inflow_gap_std,recency
days_since_nonneg_bal,recency
neg_crossings,recency
shift_digital_payments,cat_shift
shift_cash_withdrawal,cat_shift
shift_groceries,cat_shift
shift_uncategorised,cat_shift
shift_other_loans_and_accounts,cat_shift
shift_betting_lottery,cat_shift
