model,set,AUC,PR_AUC,KS,Brier,LogLoss,Top10%_capture,Top10%_lift,OOS_McFadden_R2,n_features
LR,A_static,0.7204519690022149,0.6015285222068136,0.32818186840506053,0.21066102026228872,0.6111605070246668,0.16973913043478261,1.6973913043478261,0.09597641248834188,7
GB,A_static,0.7715034729372059,0.6971459760471027,0.3995902386106242,0.18853403938562283,0.5592360369974645,0.20956521739130435,2.0956521739130434,0.1727826608209725,7
LR,B_static+snapshot,0.732408134156325,0.5999763495897629,0.35611454917106533,0.20650355442365195,0.6016104025248793,0.1612173913043478,1.612173913043478,0.1101028483947456,9
GB,B_static+snapshot,0.7976082687546142,0.7360810185992944,0.4452432261401932,0.17698238626863416,0.5309888273400238,0.22139130434782608,2.213913043478261,0.21456570065781,9
LR,C_static+snap+flat,0.7381560637031606,0.6272008742911976,0.3626611889850385,0.202133450705053,0.5906512511198397,0.18295652173913043,1.8295652173913042,0.1263135348762715,37
GB,C_static+snap+flat,0.8138295724495382,0.7512987014197083,0.474176534696727,0.17051639337329308,0.5154797897340241,0.22139130434782608,2.213913043478261,0.23750654132777693,37
LR,D_time_aware_only,0.7340336194384036,0.6780084443338252,0.3682820336395277,0.19917222455834846,0.5856136805073451,0.21008695652173914,2.1008695652173914,0.1337650678289184,51
GB,D_time_aware_only,0.7853777340277533,0.7246782851158329,0.4283178327666478,0.1821085952866001,0.5447258564390953,0.2205217391304348,2.205217391304348,0.1942460003742421,51
LR,E_full,0.7848326009110496,0.7204101832246306,0.43304691353064373,0.18230292185581431,0.545040808197649,0.21878260869565216,2.1878260869565214,0.19378012632742758,88
GB,E_full,0.8316973145632336,0.7800116975472099,0.5126373731235342,0.1613784117540155,0.49340535694624355,0.22956521739130434,2.295652173913043,0.27015886046771265,88
